<?xml version="1.0" encoding="UTF-8"?>
<T3locallangExt>
  <data type="array">
    <languageKey index="fr" type="array">
			<label index="alternative_source_pid.description"/>
			<label index="_alternative_source_pid.seeAlso">index_config:table2index</label>
			<label index="chashcalc.description">Si cette option est cochée, l'URL du résultat de la recherche pour les enregistrements sera encodée avec un paramètre "&amp;cHash" pour qu'il puisse être mis en cache. A utilisez uniquement si supporté par le plugin!</label>
			<label index="_chashcalc.seeAlso">index_config:table2index</label>
			<label index="depth.description">Niveau de récursivité</label>
			<label index="depth.details"/>
			<label index="_depth.seeAlso">index_config:externalUrl,
index_config:filepath</label>
			<label index=".description">La configuration de la recherche indexée permet de paramétrer les sources d'indexation extérieures à l'arborescence de TYPO3. Cela peut être une librairie de contenu (comme des actualités), une structure de répertoire avec des fichiers (comme des PDFs) ou une URL externe à indexer à plusieurs niveaux de profondeurs - ou le contenu d'une application tierce provenant d'autres extensions via des hooks.</label>
			<label index="description.description">Si nécessaire, indiquer une description ou d'autres notes importantes dans ce champ.</label>
			<label index=".details"/>
			<label index="extensions.description">SI vous souhaitez indexer seulement certains types de fichiers présent dans un dossier, entrer une liste d'extensions ici. Par exemple : "html, pdf, doc"</label>
			<label index="_extensions.seeAlso">index_config:filepath</label>
			<label index="externalUrl.description">Entrer l'URL du site internet externe que vous souhaitez indexer</label>
			<label index="fieldlist.description">Entrer une liste des champs à indexer, séparés par des virgules. Le nom du premier champ sera utilisé pour le titre du résultat de la recherche.</label>
			<label index="fieldlist.details">&lt;B&gt; Exemple: &lt;/ b&gt; "header,bodytext,image_caption" indexerait les champs Header, Bodytext et Image Caption de "tt_content". Notez que vous devez utiliser les noms de champs de la base de données réelle, ne vous trompez pas dans leur écriture!</label>
			<label index="_fieldlist.seeAlso">index_config:table2index</label>
			<label index="filepath.description"/>
			<label index="filepath.details">Exemple: "fileadmin/newsletters/"</label>
			<label index="get_params.description"/>
			<label index="get_params.details">Remarque: Les paramètres GET sont ajoutés à l'URL de la page où la configuration d'indexation est stockée (qui doit être la page où existe un plugin qui peut afficher les enregistrements avec les paramètres donnés!).
Exemple: "&amp;showUid=###UID###"</label>
			<label index="_get_params.seeAlso">index_config:table2index</label>
			<label index="hidden.description">Désactiver la configuration via la case à cocher. Si elle est désactivée, la configuration sera gérée par les cron jobs des robots d'indexation</label>
			<label index="hidden.details">Remarque : Désactiver le processus d'indexation ne permettra pas de faire disparaitre immédiatement votre contenu indexé dans les pages de résultat !</label>
			<label index="_hidden.seeAlso">index_config:starttime</label>
			<label index="indexcfgs.description"/>
			<label index="recordsbatch.description">Entrer le nombre d'enregistrement à indexer à chaque instance d'indexation (nombre par minute). Par défaut, le nombre est de 100 enregistrements.</label>
			<label index="_recordsbatch.seeAlso">index_config:table2index</label>
			<label index="records_indexonchange.description"/>
			<label index="_records_indexonchange.seeAlso">index_config:table2index</label>
			<label index="starttime.description"/>
			<label index="_starttime.seeAlso">index_config:hidden</label>
			<label index="table2index.description">Spécifier les tables de la base de données à indexer</label>
			<label index="timer_frequency.description">utiliser ces paramètres pour ajuster la fréquence d’exécution de votre processus de ré-indexation</label>
			<label index="_timer_frequency.seeAlso">index_config:timer_next_indexing,
index_config:timer_offset</label>
			<label index="timer_next_indexing.description">Ce champ contient la date et l'heure de la prochaine indexation. Si champ vide, la prochaine indexation se fera dés que le script de cron sera de nouveau exécuté (typiquement, à la prochaine minute) et après la prochaine indexation se fera selon la fréquence.</label>
			<label index="_timer_next_indexing.seeAlso">index_config:timer_offset,
index_config:timer_frequency</label>
			<label index="timer_offset.description">Ce paramètre ajuste à quelle heure de la journée vous souhaitez lancer le processus d'indexation</label>
			<label index="_timer_offset.seeAlso">index_config:timer_frequency</label>
			<label index="title.description">Donner un titre à la configuration.</label>
			<label index="type.description">Sélectionner le type de configuration d'indexation ici</label>
			<label index="type.details"/>
			<label index="url_deny.description"/>
			<label index="url_deny.details">Exemple:
Si vous souhaitez indexer  "http://typo3.org/" sans "http://typo3.org/extensions/" et sans "http://typo3.org/downloads/", alors entrer simplement ces deux URLs dans le champ comme ceci:

http://typo3.org/downloads/
http://typo3.org/extensions/</label>
			<label index="_url_deny.seeAlso">index_config:externalUrl</label>
		</languageKey>
  </data>
</T3locallangExt>
