<?xml version="1.0" encoding="UTF-8"?>
<T3locallangExt>
  <data type="array">
    <languageKey index="es" type="array">
			<label index="alternative_source_pid.description"/>
			<label index="_alternative_source_pid.seeAlso"/>
			<label index="chashcalc.description"/>
			<label index="_chashcalc.seeAlso"/>
			<label index="depth.description"/>
			<label index="depth.details"/>
			<label index="_depth.seeAlso"/>
			<label index=".description">La configuración de búsqueda indexada permite establecer la indexación de los recursos que son externos al árbol de páginas de TYPO3. Esto podría ser una biblioteca de documentos (como las noticias), una estructura de directorios de archivos (como PDF) o una URL externa que se arrastró hasta una cierta profundidad -, o el contenido de terceros proporcionada por otras extensiones a través de ganchos.</label>
			<label index="description.description"/>
			<label index=".details">Los registros de configuración de indexación se utilizan para configurar cómo se produce la indexación, y en ese momento y en relación con qué parte del árbol de páginas. Un requisito importante a tener en cuenta es que el "rastreador" de extensión debe ser instalado desde el motor de indización usa el "crawler" cola de extensiones como un dispositivo de tiempo - y el uso del "rastreador" de extensión que consiste en utilizar una tarea de cron para activarlo de la cáscara.</label>
			<label index="extensions.description"/>
			<label index="_extensions.seeAlso"/>
			<label index="externalUrl.description"/>
			<label index="fieldlist.description"/>
			<label index="fieldlist.details"/>
			<label index="_fieldlist.seeAlso"/>
			<label index="filepath.description"/>
			<label index="filepath.details"/>
			<label index="get_params.description"/>
			<label index="get_params.details"/>
			<label index="_get_params.seeAlso"/>
			<label index="hidden.description"/>
			<label index="hidden.details"/>
			<label index="_hidden.seeAlso"/>
			<label index="indexcfgs.description"/>
			<label index="recordsbatch.description"/>
			<label index="_recordsbatch.seeAlso"/>
			<label index="records_indexonchange.description"/>
			<label index="_records_indexonchange.seeAlso"/>
			<label index="starttime.description"/>
			<label index="_starttime.seeAlso"/>
			<label index="table2index.description"/>
			<label index="timer_frequency.description"/>
			<label index="_timer_frequency.seeAlso"/>
			<label index="timer_next_indexing.description"/>
			<label index="_timer_next_indexing.seeAlso"/>
			<label index="timer_offset.description"/>
			<label index="_timer_offset.seeAlso"/>
			<label index="title.description">Proporcionar un título para la configuración.</label>
			<label index="type.description"/>
			<label index="type.details"/>
			<label index="url_deny.description"/>
			<label index="url_deny.details"/>
			<label index="_url_deny.seeAlso"/>
		</languageKey>
  </data>
</T3locallangExt>
