<?xml version="1.0" encoding="UTF-8"?>
<T3locallangExt>
  <data type="array">
    <languageKey index="es" type="array">
			<label index="action_BEu_db_mount">Puntos de inicio en el árbol de páginas</label>
			<label index="action_BEu_email">Email</label>
			<label index="action_BEu_hidden">Deshabilitar usuario</label>
			<label index="action_BEu_password">Password</label>
			<label index="action_BEu_realName">Nombre completo</label>
			<label index="action_BEu_usergroups">Miembro de los grupos</label>
			<label index="action_BEu_username">Login</label>
			<label index="action_Create">Crear usuario del Backend</label>
			<label index="action_createQuery"/>
			<label index="action_download_file">Presione aquí para descargar los datos exportados en un archivo</label>
			<label index="action_editQuery"/>
			<label index="action_emptyQuery"/>
			<label index="action_error">¡Error de la acción!</label>
			<label index="action_error-access"/>
			<label index="action_error-not-found"/>
			<label index="action_lowlevelMissing"/>
			<label index="action_not-found"/>
			<label index="action_not-found-description"/>
			<label index="action_notReady">Error: La configuración de la acción no está completada.</label>
			<label index="action_noType">Error: La acción no tiene un tipo definido.</label>
			<label index="action_t1_legend_configuration"/>
			<label index="action_t1_legend_generalFields"/>
			<label index="action_t1_listOfUsers">Lista de usuarios del Backend</label>
			<label index="action_t2_result">Resultado de la búsqueda</label>
			<label index="action_t4_edit">Selecciona un registro para editar</label>
			<label index="action_toolbaritem"/>
			<label index="action_Update">Actualizar usuario del Backend</label>
			<label index="description"/>
			<label index="edit-sys_action"/>
			<label index="error-password-empty"/>
			<label index="error-username-empty"/>
			<label index="error-wrong-email"/>
			<label index="error-wrong-user"/>
			<label index="new-sys_action"/>
			<label index="success"/>
			<label index="success-user-created"/>
			<label index="success-user-updated"/>
			<label index="sys_action"/>
		</languageKey>
  </data>
</T3locallangExt>
