<?xml version="1.0" encoding="UTF-8"?>
<T3locallangExt>
  <data type="array">
    <languageKey index="es" type="array">
			<label index="default_search_word_entry">Buscar</label>
			<label index="form_atATime">a la vez</label>
			<label index="form_extResume">Informe extendido</label>
			<label index="form_freeIndexUid">Categoría:</label>
			<label index="form_fromSection">En qué sección:</label>
			<label index="form_legend">Formulario de búsqueda</label>
			<label index="form_match">Coincidir:</label>
			<label index="form_orderBy">Ordenar por:</label>
			<label index="form_searchFor">Qué buscar:</label>
			<label index="form_searchIn">Buscar en:</label>
			<label index="form_style">Estilo:</label>
			<label index="inNsection">en la sección %s:</label>
			<label index="inNsections">en las secciones %s:</label>
			<label index="inSection">en la sección</label>
			<label index="link_advancedSearch">Búsqueda avanzada</label>
			<label index="link_regularSearch">Búsqueda simple</label>
			<label index="local_operator_AND">Y</label>
			<label index="local_operator_NOT">NO</label>
			<label index="local_operator_OR">O</label>
			<label index="makerating_addToCurrentSearch">Añadir a las palabras de búsqueda</label>
			<label index="maketitle_matches">coincidencias</label>
			<label index="noResults">NO se han encontrado resultados.</label>
			<label index="opt_defOp_0">Todas las palabras (AND)</label>
			<label index="opt_defOp_1">Cualquier palabra (OR)</label>
			<label index="opt_desc_0">Ascendente</label>
			<label index="opt_desc_1">Descendente</label>
			<label index="opt_freeIndexUid_0">Páginas</label>
			<label index="opt_freeIndexUid_-1">Todas, mezcladas</label>
			<label index="opt_freeIndexUid_-2">Todas, categorizadas</label>
			<label index="opt_freeIndexUid_header_0">Páginas del sitio web</label>
			<label index="opt_freeIndexUid_header_-1">Categorías mezcladas</label>
			<label index="opt_group_flat">Sin agrupar</label>
			<label index="opt_group_sections">Agrupado por secciones</label>
			<label index="opt_lang_0">Por defecto</label>
			<label index="opt_lang_-1">Todos los idiomas</label>
			<label index="opt_media_0">Páginas internas</label>
			<label index="opt_media_-1">Todos los tipos de contenido</label>
			<label index="opt_media_-2">Todas las páginas externas</label>
			<label index="opt_order_crdate">Fecha de creación</label>
			<label index="opt_order_mtime">Fecha de modificación</label>
			<label index="opt_order_rank_count">Número de palabras</label>
			<label index="opt_order_rank_first">Cercano al principio de la página</label>
			<label index="opt_order_rank_flag">Peso/Frecuencia</label>
			<label index="opt_order_rank_freq">Frecuencia</label>
			<label index="opt_order_title">Título del documento</label>
			<label index="opt_RL1">Nivel 1:</label>
			<label index="opt_RL1ALL">Todas las páginas de nivel 1</label>
			<label index="opt_RL2">- Nivel 2:</label>
			<label index="opt_RL2ALL">- Todas las páginas de nivel 2</label>
			<label index="opt_sections_0">Todo el sitio web</label>
			<label index="opt_sections_-1">Sólo esta página</label>
			<label index="opt_sections_-2">Inicio + nivel 1</label>
			<label index="opt_sections_-3">Nivel 2 y demás</label>
			<label index="opt_type_0">Toda la palabra</label>
			<label index="opt_type_1">Parte de la palabra</label>
			<label index="opt_type_10">Suena como...</label>
			<label index="opt_type_2">Principio de la palabra</label>
			<label index="opt_type_20">Frase</label>
			<label index="opt_type_3">Final de la palabra</label>
			<label index="pi_list_browseresults_display">Mostrando resultados del ###TAG_BEGIN###%s al %s###TAG_END### de un total de ###TAG_BEGIN###%s###TAG_END###</label>
			<label index="pi_list_browseresults_next">Siguiente &gt;</label>
			<label index="pi_list_browseresults_page">Página</label>
			<label index="pi_list_browseresults_prev">&lt; Anterior</label>
			<label index="pi_wizard_description"/>
			<label index="pi_wizard_title"/>
			<label index="res_created">Creado:</label>
			<label index="res_memberGroups">Requiere ser miembro de los números de grupo %s</label>
			<label index="res_modified">Modificado:</label>
			<label index="res_noResume">Nota: Este resultado no ha podido encontrar con exactitud el contenido en esta página. El resumen de la página no puede ser mostrado.</label>
			<label index="res_otherMatching">Otras páginas encontradas en el mismo documento:</label>
			<label index="res_otherPageAsWell">INFO: Había otra página igualmente indexada, probablemente con otro o incluso ningún grupo de usuarios</label>
			<label index="res_path">Ruta:</label>
			<label index="res_size">Tamaño:</label>
			<label index="rules_header">Reglas de búsqueda:</label>
			<label index="rules_text">- Solo son aceptadas palabras con una longitud de entre 2 y 200 caracteres. - El espacio se usa para separar palabras, para buscar una frase entera podemos utilizar "". - Los operadores AND (Y), OR (O) y NOT (NO) se usan antes de cada palabra y sustituyen al operador por defecto. - Los comandos +/|/- equivalen a los operadores AND / OR / NOT. - Todas las palabras de búsqueda son convertidas a minúsculas.</label>
			<label index="searchFor">Buscar</label>
			<label index="searchFor_and">y</label>
			<label index="searchFor_butNot">pero no</label>
			<label index="searchFor_or">o</label>
			<label index="submit_button_label">Buscar</label>
			<label index="unnamedSection">Otro</label>
			<label index="word_page">página</label>
			<label index="word_pages">páginas</label>
		</languageKey>
  </data>
</T3locallangExt>
